"source","scanNum","ID","charge","deltaRT","pepSeq","modifiedSequence","ionScore","spectralAngle","percolatorScore","qValue","accessionGroup","proteins","protein_name","substrateID","substrateSeq","digestTime","biological_replicate","productType","spliceType","positions"
"WSoh_101121_151121_HFGoe_G1_IL37b_4h_R1",11830,"WSoh_101121_151121_HFGoe_G1_IL37b_4h_R1_11830",1,75.0477950508086,"PSEVSDAEMS","PSEVSDAEMS","16.89","0.788701870766062","0.0452054","0.00409023","cisspliced","PSP_213_218_209_212","IL37b","IL37b","MSFVGENSGVKMGSEDWEKDEPQCCLEDPAGSPLEPGPSLPTMNFVHTSPKVKNLNPKKFSIHDQDHKVLVLDSGNLIAVPDKNYIRPEIFFALASSLSSASAEKGSPILLGVSKGEFCLYCDKDKGQSHPSLQLKKEKLMKLAAQKESARRPFIFYRAQVGSWNMLESAAHPGWFICTSCNCNEPVGVTDKFENRKHIEFSFQPVCKAEMSPSEVSD","4","G1","PSP","revCis","213_218_209_212"
"WSoh_101121_151121_HFGoe_G1_IL37b_4h_R1",12163,"WSoh_101121_151121_HFGoe_G1_IL37b_4h_R1_12163",1,106.540558174639,"PSEVSDAEMS","PSEVSDAEMS","16.76","0.794708493285077","0.0938098","0.00250527","cisspliced","PSP_213_218_209_212","IL37b","IL37b","MSFVGENSGVKMGSEDWEKDEPQCCLEDPAGSPLEPGPSLPTMNFVHTSPKVKNLNPKKFSIHDQDHKVLVLDSGNLIAVPDKNYIRPEIFFALASSLSSASAEKGSPILLGVSKGEFCLYCDKDKGQSHPSLQLKKEKLMKLAAQKESARRPFIFYRAQVGSWNMLESAAHPGWFICTSCNCNEPVGVTDKFENRKHIEFSFQPVCKAEMSPSEVSD","4","G1","PSP","revCis","213_218_209_212"
"WSoh_101121_151121_HFGoe_G2_IL37b_24h_R2",7836,"WSoh_101121_151121_HFGoe_G2_IL37b_24h_R2_7836",1,64.4558744640631,"HDQDHKVLV","HDQDHKVLV","51.05","0.785392412650419","0.42791","0.000231107","nonspliced","PCP_63_72","IL37b","IL37b","MSFVGENSGVKMGSEDWEKDEPQCCLEDPAGSPLEPGPSLPTMNFVHTSPKVKNLNPKKFSIHDQDHKVLVLDSGNLIAVPDKNYIRPEIFFALASSLSSASAEKGSPILLGVSKGEFCLYCDKDKGQSHPSLQLKKEKLMKLAAQKESARRPFIFYRAQVGSWNMLESAAHPGWFICTSCNCNEPVGVTDKFENRKHIEFSFQPVCKAEMSPSEVSD","24","G2","PCP",NA,"63_71"
"WSoh_101121_151121_HFGoe_G2_IL37b_24h_R2",12106,"WSoh_101121_151121_HFGoe_G2_IL37b_24h_R2_12106",1,96.8277950508086,"PSEVSDAEMS","PSEVSDAEMS","15.3","0.833285068682423","0.114006","0.00202703","cisspliced","PSP_213_218_209_212","IL37b","IL37b","MSFVGENSGVKMGSEDWEKDEPQCCLEDPAGSPLEPGPSLPTMNFVHTSPKVKNLNPKKFSIHDQDHKVLVLDSGNLIAVPDKNYIRPEIFFALASSLSSASAEKGSPILLGVSKGEFCLYCDKDKGQSHPSLQLKKEKLMKLAAQKESARRPFIFYRAQVGSWNMLESAAHPGWFICTSCNCNEPVGVTDKFENRKHIEFSFQPVCKAEMSPSEVSD","24","G2","PSP","revCis","213_218_209_212"
"WSoh_101121_151121_HFGoe_G2_IL37b_24h_R1",11982,"WSoh_101121_151121_HFGoe_G2_IL37b_24h_R1_11982",1,96.2942075500364,"NCNEPVGEVS","NC[+57.0]NEPVGEVS","11.74","0.85224846854546","0.151784","0.00158593","cisspliced","PSP_182_188_215_217","IL37b","IL37b","MSFVGENSGVKMGSEDWEKDEPQCCLEDPAGSPLEPGPSLPTMNFVHTSPKVKNLNPKKFSIHDQDHKVLVLDSGNLIAVPDKNYIRPEIFFALASSLSSASAEKGSPILLGVSKGEFCLYCDKDKGQSHPSLQLKKEKLMKLAAQKESARRPFIFYRAQVGSWNMLESAAHPGWFICTSCNCNEPVGVTDKFENRKHIEFSFQPVCKAEMSPSEVSD","24","G2","PSP","cis","182_188_215_217"
"WSoh_101121_151121_HFGoe_G2_IL37b_24h_R1",12092,"WSoh_101121_151121_HFGoe_G2_IL37b_24h_R1_12092",1,106.940558174639,"PSEVSDAEMS","PSEVSDAEMS","20.77","0.864123799823063","0.232716","0.00133909","cisspliced","PSP_213_218_209_212","IL37b","IL37b","MSFVGENSGVKMGSEDWEKDEPQCCLEDPAGSPLEPGPSLPTMNFVHTSPKVKNLNPKKFSIHDQDHKVLVLDSGNLIAVPDKNYIRPEIFFALASSLSSASAEKGSPILLGVSKGEFCLYCDKDKGQSHPSLQLKKEKLMKLAAQKESARRPFIFYRAQVGSWNMLESAAHPGWFICTSCNCNEPVGVTDKFENRKHIEFSFQPVCKAEMSPSEVSD","24","G2","PSP","revCis","213_218_209_212"
"WSoh_101121_151121_HFGoe_G1_IL37b_24h_R2",11664,"WSoh_101121_151121_HFGoe_G1_IL37b_24h_R2_11664",1,56.5340846758711,"NCNEPVGEVS","NC[+57.0]NEPVGEVS","14.03","0.826706164484252","0.138412","0.00181514","cisspliced","PSP_182_188_215_217","IL37b","IL37b","MSFVGENSGVKMGSEDWEKDEPQCCLEDPAGSPLEPGPSLPTMNFVHTSPKVKNLNPKKFSIHDQDHKVLVLDSGNLIAVPDKNYIRPEIFFALASSLSSASAEKGSPILLGVSKGEFCLYCDKDKGQSHPSLQLKKEKLMKLAAQKESARRPFIFYRAQVGSWNMLESAAHPGWFICTSCNCNEPVGVTDKFENRKHIEFSFQPVCKAEMSPSEVSD","24","G1","PSP","cis","182_188_215_217"
"WSoh_101121_151121_HFGoe_G1_IL37b_24h_R2",12003,"WSoh_101121_151121_HFGoe_G1_IL37b_24h_R2_12003",1,87.174084675871,"NCNEPVGEVS","NC[+57.0]NEPVGEVS","10.93","0.827079643626731","0.0982264","0.00225017","cisspliced","PSP_182_188_215_217","IL37b","IL37b","MSFVGENSGVKMGSEDWEKDEPQCCLEDPAGSPLEPGPSLPTMNFVHTSPKVKNLNPKKFSIHDQDHKVLVLDSGNLIAVPDKNYIRPEIFFALASSLSSASAEKGSPILLGVSKGEFCLYCDKDKGQSHPSLQLKKEKLMKLAAQKESARRPFIFYRAQVGSWNMLESAAHPGWFICTSCNCNEPVGVTDKFENRKHIEFSFQPVCKAEMSPSEVSD","24","G1","PSP","cis","182_188_215_217"
"WSoh_101121_151121_HFGoe_G1_IL37b_24h_R2",12111,"WSoh_101121_151121_HFGoe_G1_IL37b_24h_R2_12111",1,96.1605581746387,"PSEVSDAEMS","PSEVSDAEMS","20.77","0.815682820989414","0.114185","0.00202703","cisspliced","PSP_213_218_209_212","IL37b","IL37b","MSFVGENSGVKMGSEDWEKDEPQCCLEDPAGSPLEPGPSLPTMNFVHTSPKVKNLNPKKFSIHDQDHKVLVLDSGNLIAVPDKNYIRPEIFFALASSLSSASAEKGSPILLGVSKGEFCLYCDKDKGQSHPSLQLKKEKLMKLAAQKESARRPFIFYRAQVGSWNMLESAAHPGWFICTSCNCNEPVGVTDKFENRKHIEFSFQPVCKAEMSPSEVSD","24","G1","PSP","revCis","213_218_209_212"
"WSoh_101121_151121_HFGoe_G1_IL37b_24h_R1",7819,"WSoh_101121_151121_HFGoe_G1_IL37b_24h_R1_7819",1,61.9953310052534,"HDQDHKVLV","HDQDHKVLV","35.9","0.770346085883861","0.559906","0.000231107","nonspliced","PCP_63_72","IL37b","IL37b","MSFVGENSGVKMGSEDWEKDEPQCCLEDPAGSPLEPGPSLPTMNFVHTSPKVKNLNPKKFSIHDQDHKVLVLDSGNLIAVPDKNYIRPEIFFALASSLSSASAEKGSPILLGVSKGEFCLYCDKDKGQSHPSLQLKKEKLMKLAAQKESARRPFIFYRAQVGSWNMLESAAHPGWFICTSCNCNEPVGVTDKFENRKHIEFSFQPVCKAEMSPSEVSD","24","G1","PCP",NA,"63_71"
"WSoh_101121_151121_HFGoe_G1_IL37b_24h_R1",12108,"WSoh_101121_151121_HFGoe_G1_IL37b_24h_R1_12108",1,103.417795050809,"PSEVSDAEMS","PSEVSDAEMS","17.12","0.791930011690861","0.0577884","0.00351538","cisspliced","PSP_213_218_209_212","IL37b","IL37b","MSFVGENSGVKMGSEDWEKDEPQCCLEDPAGSPLEPGPSLPTMNFVHTSPKVKNLNPKKFSIHDQDHKVLVLDSGNLIAVPDKNYIRPEIFFALASSLSSASAEKGSPILLGVSKGEFCLYCDKDKGQSHPSLQLKKEKLMKLAAQKESARRPFIFYRAQVGSWNMLESAAHPGWFICTSCNCNEPVGVTDKFENRKHIEFSFQPVCKAEMSPSEVSD","24","G1","PSP","revCis","213_218_209_212"
"WSoh_101121_151121_HFGoe_G2_IL37b_1h_R2",7537,"WSoh_101121_151121_HFGoe_G2_IL37b_1h_R2_7537",1,326.004530509583,"SPSEVSDEMS","SPSEVSDEMS","2.75","0.797986956937112","0.0195603","0.0058753","cisspliced","PSP_212_218_210_212","IL37b","IL37b","MSFVGENSGVKMGSEDWEKDEPQCCLEDPAGSPLEPGPSLPTMNFVHTSPKVKNLNPKKFSIHDQDHKVLVLDSGNLIAVPDKNYIRPEIFFALASSLSSASAEKGSPILLGVSKGEFCLYCDKDKGQSHPSLQLKKEKLMKLAAQKESARRPFIFYRAQVGSWNMLESAAHPGWFICTSCNCNEPVGVTDKFENRKHIEFSFQPVCKAEMSPSEVSD","1","G2","PSP","trans","212_218_210_212"
"WSoh_101121_151121_HFGoe_G1_IL37b_4h_R2",12164,"WSoh_101121_151121_HFGoe_G1_IL37b_4h_R2_12164",1,106.420558174639,"PSEVSDAEMS","PSEVSDAEMS","22.68","0.843327291501421","0.119264","0.00202703","cisspliced","PSP_213_218_209_212","IL37b","IL37b","MSFVGENSGVKMGSEDWEKDEPQCCLEDPAGSPLEPGPSLPTMNFVHTSPKVKNLNPKKFSIHDQDHKVLVLDSGNLIAVPDKNYIRPEIFFALASSLSSASAEKGSPILLGVSKGEFCLYCDKDKGQSHPSLQLKKEKLMKLAAQKESARRPFIFYRAQVGSWNMLESAAHPGWFICTSCNCNEPVGVTDKFENRKHIEFSFQPVCKAEMSPSEVSD","4","G1","PSP","revCis","213_218_209_212"
"WSoh_101121_151121_HFGoe_G2_IL37b_2h_R2",12027,"WSoh_101121_151121_HFGoe_G2_IL37b_2h_R2_12027",1,100.607795050809,"PSEVSDAEMS","PSEVSDAEMS","8.44","0.710392298085127","-0.0271844","0.00937571","cisspliced","PSP_213_218_209_212","IL37b","IL37b","MSFVGENSGVKMGSEDWEKDEPQCCLEDPAGSPLEPGPSLPTMNFVHTSPKVKNLNPKKFSIHDQDHKVLVLDSGNLIAVPDKNYIRPEIFFALASSLSSASAEKGSPILLGVSKGEFCLYCDKDKGQSHPSLQLKKEKLMKLAAQKESARRPFIFYRAQVGSWNMLESAAHPGWFICTSCNCNEPVGVTDKFENRKHIEFSFQPVCKAEMSPSEVSD","2","G2","PSP","revCis","213_218_209_212"
"WSoh_101121_151121_HFGoe_G1_IL37b_1h_R1",11620,"WSoh_101121_151121_HFGoe_G1_IL37b_1h_R1_11620",1,181.222383820125,"NCNEPVGLDS","NC[+57.0]NEPVGLDS","11.83","0.860379581858702","0.121343","0.00202703","cisspliced","PSP_182_188_72_74","IL37b","IL37b","MSFVGENSGVKMGSEDWEKDEPQCCLEDPAGSPLEPGPSLPTMNFVHTSPKVKNLNPKKFSIHDQDHKVLVLDSGNLIAVPDKNYIRPEIFFALASSLSSASAEKGSPILLGVSKGEFCLYCDKDKGQSHPSLQLKKEKLMKLAAQKESARRPFIFYRAQVGSWNMLESAAHPGWFICTSCNCNEPVGVTDKFENRKHIEFSFQPVCKAEMSPSEVSD","1","G1","PSP","revCis","182_188_72_74"
"WSoh_101121_151121_HFGoe_G1_IL37b_1h_R1",11722,"WSoh_101121_151121_HFGoe_G1_IL37b_1h_R1_11722",1,76.4377950508087,"PSEVSDAEMS","PSEVSDAEMS","2.83","0.763948587982112","0.0140461","0.00619638","cisspliced","PSP_213_218_209_212","IL37b","IL37b","MSFVGENSGVKMGSEDWEKDEPQCCLEDPAGSPLEPGPSLPTMNFVHTSPKVKNLNPKKFSIHDQDHKVLVLDSGNLIAVPDKNYIRPEIFFALASSLSSASAEKGSPILLGVSKGEFCLYCDKDKGQSHPSLQLKKEKLMKLAAQKESARRPFIFYRAQVGSWNMLESAAHPGWFICTSCNCNEPVGVTDKFENRKHIEFSFQPVCKAEMSPSEVSD","1","G1","PSP","revCis","213_218_209_212"
"WSoh_101121_151121_HFGoe_G1_IL37b_1h_R1",12059,"WSoh_101121_151121_HFGoe_G1_IL37b_1h_R1_12059",1,106.807795050809,"PSEVSDAEMS","PSEVSDAEMS","12.59","0.826469430191856","0.0997522","0.00225017","cisspliced","PSP_213_218_209_212","IL37b","IL37b","MSFVGENSGVKMGSEDWEKDEPQCCLEDPAGSPLEPGPSLPTMNFVHTSPKVKNLNPKKFSIHDQDHKVLVLDSGNLIAVPDKNYIRPEIFFALASSLSSASAEKGSPILLGVSKGEFCLYCDKDKGQSHPSLQLKKEKLMKLAAQKESARRPFIFYRAQVGSWNMLESAAHPGWFICTSCNCNEPVGVTDKFENRKHIEFSFQPVCKAEMSPSEVSD","1","G1","PSP","revCis","213_218_209_212"
"WSoh_101121_151121_HFGoe_G1_IL37b_2h_R1",7478,"WSoh_101121_151121_HFGoe_G1_IL37b_2h_R1_7478",1,323.654063471862,"SPSEVSDEMS","SPSEVSDEMS","3.27","0.774624777814511","0.0456485","0.00409023","cisspliced","PSP_212_218_210_212","IL37b","IL37b","MSFVGENSGVKMGSEDWEKDEPQCCLEDPAGSPLEPGPSLPTMNFVHTSPKVKNLNPKKFSIHDQDHKVLVLDSGNLIAVPDKNYIRPEIFFALASSLSSASAEKGSPILLGVSKGEFCLYCDKDKGQSHPSLQLKKEKLMKLAAQKESARRPFIFYRAQVGSWNMLESAAHPGWFICTSCNCNEPVGVTDKFENRKHIEFSFQPVCKAEMSPSEVSD","2","G1","PSP","trans","212_218_210_212"
"WSoh_101121_151121_HFGoe_G1_IL37b_2h_R1",11651,"WSoh_101121_151121_HFGoe_G1_IL37b_2h_R1_11651",1,72.7305581746386,"PSEVSDAEMS","PSEVSDAEMS","10.75","0.820242241926225","0.0962209","0.00225017","cisspliced","PSP_213_218_209_212","IL37b","IL37b","MSFVGENSGVKMGSEDWEKDEPQCCLEDPAGSPLEPGPSLPTMNFVHTSPKVKNLNPKKFSIHDQDHKVLVLDSGNLIAVPDKNYIRPEIFFALASSLSSASAEKGSPILLGVSKGEFCLYCDKDKGQSHPSLQLKKEKLMKLAAQKESARRPFIFYRAQVGSWNMLESAAHPGWFICTSCNCNEPVGVTDKFENRKHIEFSFQPVCKAEMSPSEVSD","2","G1","PSP","revCis","213_218_209_212"
"WSoh_101121_151121_HFGoe_G2_IL37b_4h_R2",7564,"WSoh_101121_151121_HFGoe_G2_IL37b_4h_R2_7564",1,66.5048319384932,"PSEVSDAEMS","PSEVSDAEM[+16.0]S","22.92","0.743187767694911","-0.0148733","0.00840723","cisspliced","PSP_213_218_209_212","IL37b","IL37b","MSFVGENSGVKMGSEDWEKDEPQCCLEDPAGSPLEPGPSLPTMNFVHTSPKVKNLNPKKFSIHDQDHKVLVLDSGNLIAVPDKNYIRPEIFFALASSLSSASAEKGSPILLGVSKGEFCLYCDKDKGQSHPSLQLKKEKLMKLAAQKESARRPFIFYRAQVGSWNMLESAAHPGWFICTSCNCNEPVGVTDKFENRKHIEFSFQPVCKAEMSPSEVSD","4","G2","PSP","revCis","213_218_209_212"
"WSoh_101121_151121_HFGoe_G2_IL37b_4h_R2",12089,"WSoh_101121_151121_HFGoe_G2_IL37b_4h_R2_12089",1,102.893320547328,"PSEVSDAEMS","PSEVSDAEMS","21.91","0.790810299376654","0.0705526","0.00319122","cisspliced","PSP_213_218_209_212","IL37b","IL37b","MSFVGENSGVKMGSEDWEKDEPQCCLEDPAGSPLEPGPSLPTMNFVHTSPKVKNLNPKKFSIHDQDHKVLVLDSGNLIAVPDKNYIRPEIFFALASSLSSASAEKGSPILLGVSKGEFCLYCDKDKGQSHPSLQLKKEKLMKLAAQKESARRPFIFYRAQVGSWNMLESAAHPGWFICTSCNCNEPVGVTDKFENRKHIEFSFQPVCKAEMSPSEVSD","4","G2","PSP","revCis","213_218_209_212"
"WSoh_101121_151121_HFGoe_G2_IL37b_2h_R1",12055,"WSoh_101121_151121_HFGoe_G2_IL37b_2h_R1_12055",1,106.347795050809,"PSEVSDAEMS","PSEVSDAEMS","14.72","0.832984728731078","0.0856597","0.0028616","cisspliced","PSP_213_218_209_212","IL37b","IL37b","MSFVGENSGVKMGSEDWEKDEPQCCLEDPAGSPLEPGPSLPTMNFVHTSPKVKNLNPKKFSIHDQDHKVLVLDSGNLIAVPDKNYIRPEIFFALASSLSSASAEKGSPILLGVSKGEFCLYCDKDKGQSHPSLQLKKEKLMKLAAQKESARRPFIFYRAQVGSWNMLESAAHPGWFICTSCNCNEPVGVTDKFENRKHIEFSFQPVCKAEMSPSEVSD","2","G2","PSP","revCis","213_218_209_212"
